"database_id","drug_concept_id","drug","ingredient_concept_id","ingredient","route_concept_id","route_type","n_records","n_sample","n_person","proportion_records","result_obscured"
"eunomia2",40162522,"acetaminophen 325 MG Oral Tablet",1125315,"acetaminophen",4132161,"Oral",18,86,15,0.209302325581395,FALSE
"eunomia2",1127078,"acetaminophen 750 MG / Hydrocodone Bitartrate",1125315,"acetaminophen",4132161,"Oral",19,86,13,0.22093023255814,FALSE
"eunomia2",40229134,"acetaminophen 21.7 MG/ML / Dextromethorphan",1125315,"acetaminophen",4132161,"Oral",12,86,11,0.13953488372093,FALSE
"eunomia2",40231925,"acetaminophen 325 MG / Hydrocodone Bitartrate",1125315,"acetaminophen",4132161,"Oral",10,86,9,0.116279069767442,FALSE
"eunomia2",1127433,"acetaminophen 325 MG / Oxycodone Hydrochloride",1125315,"acetaminophen",4132161,"Oral",13,86,11,0.151162790697674,FALSE
"eunomia2",19133768,"acetaminophen 160 MG Oral Tablet",1125315,"acetaminophen",4132161,"Oral",14,86,13,0.162790697674419,FALSE
