"database_id","drug_concept_id","drug","ingredient_concept_id","ingredient","n_records","n_sample","n_person","minimum_time_between_days","q05_time_between_days","q10_time_between_days","q25_time_between_days","median_time_between_days","q75_time_between_days","q90_time_between_days","q95_time_between_days","maximum_time_between_days","result_obscured"
"eunomia2",1127078,"acetaminophen 750 MG / Hydrocodone Bitartrate",1125315,"acetaminophen",6,86,5,-4501,-3265.25,-2029.5,717.5,1660,2845.5,3207,3209.5,3212,FALSE
"eunomia2",1127433,"acetaminophen 325 MG / Oxycodone Hydrochloride",1125315,"acetaminophen",2,86,2,-2460,-2170.25,-1880.5,-1011.25,437.5,1886.25,2755.5,3045.25,3335,FALSE
"eunomia2",19133768,"acetaminophen 160 MG Oral Tablet",1125315,"acetaminophen",1,86,1,-930,-930,-930,-930,-930,-930,-930,-930,-930,FALSE
"eunomia2",40162522,"acetaminophen 325 MG Oral Tablet",1125315,"acetaminophen",3,86,3,543,623.5,704,945.5,1348,2873.5,3788.8,4093.9,4399,FALSE
"eunomia2",40229134,"acetaminophen 21.7 MG/ML / Dextromethorphan",1125315,"acetaminophen",1,86,1,-1036,-1036,-1036,-1036,-1036,-1036,-1036,-1036,-1036,FALSE
"eunomia2",40231925,"acetaminophen 325 MG / Hydrocodone Bitartrate",1125315,"acetaminophen",1,86,1,-1562,-1562,-1562,-1562,-1562,-1562,-1562,-1562,-1562,FALSE
