"database_id","result_id","cdm_name","group_name","group_level","strata_name","strata_level","variable_name","variable_level","estimate_name","estimate_type","estimate_value","additional_name","additional_level","pattern_name","ingredient","ingredient_concept_id"
"eunomia2",1,"An OMOP CDM database","ingredient_name","acetaminophen","overall","overall","number records",NA,"count","integer","86","overall","overall","overall","acetaminophen",1125315
"eunomia2",1,"An OMOP CDM database","ingredient_name","acetaminophen","overall","overall","Missing dose",NA,"count_missing","integer","0","overall","overall","overall","acetaminophen",1125315
"eunomia2",1,"An OMOP CDM database","ingredient_name","acetaminophen","overall","overall","Missing dose",NA,"percentage_missing","percentage","0","overall","overall","overall","acetaminophen",1125315
"eunomia2",1,"An OMOP CDM database","ingredient_name","acetaminophen","overall","overall","daily_dose",NA,"mean","numeric","172.495755033437","overall","overall","overall","acetaminophen",1125315
"eunomia2",1,"An OMOP CDM database","ingredient_name","acetaminophen","overall","overall","daily_dose",NA,"sd","numeric","445.165945257949","overall","overall","overall","acetaminophen",1125315
"eunomia2",1,"An OMOP CDM database","ingredient_name","acetaminophen","overall","overall","daily_dose",NA,"q05","numeric","0.0860655737704918","overall","overall","overall","acetaminophen",1125315
"eunomia2",1,"An OMOP CDM database","ingredient_name","acetaminophen","overall","overall","daily_dose",NA,"q25","numeric","1.01820054945055","overall","overall","overall","acetaminophen",1125315
"eunomia2",1,"An OMOP CDM database","ingredient_name","acetaminophen","overall","overall","daily_dose",NA,"median","numeric","21.3338385752179","overall","overall","overall","acetaminophen",1125315
"eunomia2",1,"An OMOP CDM database","ingredient_name","acetaminophen","overall","overall","daily_dose",NA,"q75","numeric","78.75","overall","overall","overall","acetaminophen",1125315
"eunomia2",1,"An OMOP CDM database","ingredient_name","acetaminophen","overall","overall","daily_dose",NA,"q95","numeric","1200","overall","overall","overall","acetaminophen",1125315
"eunomia2",1,"An OMOP CDM database","ingredient_name","acetaminophen","overall","overall","daily_dose",NA,"min","numeric","0.021978021978022","overall","overall","overall","acetaminophen",1125315
"eunomia2",1,"An OMOP CDM database","ingredient_name","acetaminophen","overall","overall","daily_dose",NA,"max","numeric","2400","overall","overall","overall","acetaminophen",1125315
"eunomia2",1,"An OMOP CDM database","ingredient_name","acetaminophen","unit","milligram","number records",NA,"count","integer","86","overall","overall","milligram","acetaminophen",1125315
"eunomia2",1,"An OMOP CDM database","ingredient_name","acetaminophen","unit","milligram","Missing dose",NA,"count_missing","integer","0","overall","overall","milligram","acetaminophen",1125315
"eunomia2",1,"An OMOP CDM database","ingredient_name","acetaminophen","unit","milligram","Missing dose",NA,"percentage_missing","percentage","0","overall","overall","milligram","acetaminophen",1125315
"eunomia2",1,"An OMOP CDM database","ingredient_name","acetaminophen","unit","milligram","daily_dose",NA,"mean","numeric","172.495755033437","overall","overall","milligram","acetaminophen",1125315
"eunomia2",1,"An OMOP CDM database","ingredient_name","acetaminophen","unit","milligram","daily_dose",NA,"sd","numeric","445.165945257949","overall","overall","milligram","acetaminophen",1125315
"eunomia2",1,"An OMOP CDM database","ingredient_name","acetaminophen","unit","milligram","daily_dose",NA,"q05","numeric","0.0860655737704918","overall","overall","milligram","acetaminophen",1125315
"eunomia2",1,"An OMOP CDM database","ingredient_name","acetaminophen","unit","milligram","daily_dose",NA,"q25","numeric","1.01820054945055","overall","overall","milligram","acetaminophen",1125315
"eunomia2",1,"An OMOP CDM database","ingredient_name","acetaminophen","unit","milligram","daily_dose",NA,"median","numeric","21.3338385752179","overall","overall","milligram","acetaminophen",1125315
"eunomia2",1,"An OMOP CDM database","ingredient_name","acetaminophen","unit","milligram","daily_dose",NA,"q75","numeric","78.75","overall","overall","milligram","acetaminophen",1125315
"eunomia2",1,"An OMOP CDM database","ingredient_name","acetaminophen","unit","milligram","daily_dose",NA,"q95","numeric","1200","overall","overall","milligram","acetaminophen",1125315
"eunomia2",1,"An OMOP CDM database","ingredient_name","acetaminophen","unit","milligram","daily_dose",NA,"min","numeric","0.021978021978022","overall","overall","milligram","acetaminophen",1125315
"eunomia2",1,"An OMOP CDM database","ingredient_name","acetaminophen","unit","milligram","daily_dose",NA,"max","numeric","2400","overall","overall","milligram","acetaminophen",1125315
"eunomia2",1,"An OMOP CDM database","ingredient_name","acetaminophen","route &&& unit","oral &&& milligram","number records",NA,"count","integer","86","overall","overall","oral  milligram","acetaminophen",1125315
"eunomia2",1,"An OMOP CDM database","ingredient_name","acetaminophen","route &&& unit","oral &&& milligram","Missing dose",NA,"count_missing","integer","0","overall","overall","oral  milligram","acetaminophen",1125315
"eunomia2",1,"An OMOP CDM database","ingredient_name","acetaminophen","route &&& unit","oral &&& milligram","Missing dose",NA,"percentage_missing","percentage","0","overall","overall","oral  milligram","acetaminophen",1125315
"eunomia2",1,"An OMOP CDM database","ingredient_name","acetaminophen","route &&& unit","oral &&& milligram","daily_dose",NA,"mean","numeric","172.495755033437","overall","overall","oral  milligram","acetaminophen",1125315
"eunomia2",1,"An OMOP CDM database","ingredient_name","acetaminophen","route &&& unit","oral &&& milligram","daily_dose",NA,"sd","numeric","445.165945257949","overall","overall","oral  milligram","acetaminophen",1125315
"eunomia2",1,"An OMOP CDM database","ingredient_name","acetaminophen","route &&& unit","oral &&& milligram","daily_dose",NA,"q05","numeric","0.0860655737704918","overall","overall","oral  milligram","acetaminophen",1125315
"eunomia2",1,"An OMOP CDM database","ingredient_name","acetaminophen","route &&& unit","oral &&& milligram","daily_dose",NA,"q25","numeric","1.01820054945055","overall","overall","oral  milligram","acetaminophen",1125315
"eunomia2",1,"An OMOP CDM database","ingredient_name","acetaminophen","route &&& unit","oral &&& milligram","daily_dose",NA,"median","numeric","21.3338385752179","overall","overall","oral  milligram","acetaminophen",1125315
"eunomia2",1,"An OMOP CDM database","ingredient_name","acetaminophen","route &&& unit","oral &&& milligram","daily_dose",NA,"q75","numeric","78.75","overall","overall","oral  milligram","acetaminophen",1125315
"eunomia2",1,"An OMOP CDM database","ingredient_name","acetaminophen","route &&& unit","oral &&& milligram","daily_dose",NA,"q95","numeric","1200","overall","overall","oral  milligram","acetaminophen",1125315
"eunomia2",1,"An OMOP CDM database","ingredient_name","acetaminophen","route &&& unit","oral &&& milligram","daily_dose",NA,"min","numeric","0.021978021978022","overall","overall","oral  milligram","acetaminophen",1125315
"eunomia2",1,"An OMOP CDM database","ingredient_name","acetaminophen","route &&& unit","oral &&& milligram","daily_dose",NA,"max","numeric","2400","overall","overall","oral  milligram","acetaminophen",1125315
"eunomia2",1,"An OMOP CDM database","ingredient_name","acetaminophen","unit &&& route &&& pattern_id","milligram &&& oral &&& 17","number records",NA,"count","integer","26","overall","overall","milligram  oral   milligram__milligram","acetaminophen",1125315
"eunomia2",1,"An OMOP CDM database","ingredient_name","acetaminophen","unit &&& route &&& pattern_id","milligram &&& oral &&& 9","number records",NA,"count","integer","60","overall","overall","milligram  oral   fixed_amount_milligram","acetaminophen",1125315
"eunomia2",1,"An OMOP CDM database","ingredient_name","acetaminophen","unit &&& route &&& pattern_id","milligram &&& oral &&& 17","Missing dose",NA,"count_missing","integer","0","overall","overall","milligram  oral   milligram__milligram","acetaminophen",1125315
"eunomia2",1,"An OMOP CDM database","ingredient_name","acetaminophen","unit &&& route &&& pattern_id","milligram &&& oral &&& 9","Missing dose",NA,"count_missing","integer","0","overall","overall","milligram  oral   fixed_amount_milligram","acetaminophen",1125315
"eunomia2",1,"An OMOP CDM database","ingredient_name","acetaminophen","unit &&& route &&& pattern_id","milligram &&& oral &&& 17","Missing dose",NA,"percentage_missing","percentage","0","overall","overall","milligram  oral   milligram__milligram","acetaminophen",1125315
"eunomia2",1,"An OMOP CDM database","ingredient_name","acetaminophen","unit &&& route &&& pattern_id","milligram &&& oral &&& 9","Missing dose",NA,"percentage_missing","percentage","0","overall","overall","milligram  oral   fixed_amount_milligram","acetaminophen",1125315
"eunomia2",1,"An OMOP CDM database","ingredient_name","acetaminophen","unit &&& route &&& pattern_id","milligram &&& oral &&& 17","daily_dose",NA,"mean","numeric","1.48784057104739","overall","overall","milligram  oral   milligram__milligram","acetaminophen",1125315
"eunomia2",1,"An OMOP CDM database","ingredient_name","acetaminophen","unit &&& route &&& pattern_id","milligram &&& oral &&& 9","daily_dose",NA,"mean","numeric","246.599184633806","overall","overall","milligram  oral   fixed_amount_milligram","acetaminophen",1125315
"eunomia2",1,"An OMOP CDM database","ingredient_name","acetaminophen","unit &&& route &&& pattern_id","milligram &&& oral &&& 17","daily_dose",NA,"sd","numeric","3.05712955721529","overall","overall","milligram  oral   milligram__milligram","acetaminophen",1125315
"eunomia2",1,"An OMOP CDM database","ingredient_name","acetaminophen","unit &&& route &&& pattern_id","milligram &&& oral &&& 9","daily_dose",NA,"sd","numeric","516.747192143621","overall","overall","milligram  oral   fixed_amount_milligram","acetaminophen",1125315
"eunomia2",1,"An OMOP CDM database","ingredient_name","acetaminophen","unit &&& route &&& pattern_id","milligram &&& oral &&& 17","daily_dose",NA,"q05","numeric","0.0351825593761078","overall","overall","milligram  oral   milligram__milligram","acetaminophen",1125315
"eunomia2",1,"An OMOP CDM database","ingredient_name","acetaminophen","unit &&& route &&& pattern_id","milligram &&& oral &&& 9","daily_dose",NA,"q05","numeric","6.87959299039005","overall","overall","milligram  oral   fixed_amount_milligram","acetaminophen",1125315
"eunomia2",1,"An OMOP CDM database","ingredient_name","acetaminophen","unit &&& route &&& pattern_id","milligram &&& oral &&& 17","daily_dose",NA,"q25","numeric","0.105425824175824","overall","overall","milligram  oral   milligram__milligram","acetaminophen",1125315
"eunomia2",1,"An OMOP CDM database","ingredient_name","acetaminophen","unit &&& route &&& pattern_id","milligram &&& oral &&& 9","daily_dose",NA,"q25","numeric","20.4352741661956","overall","overall","milligram  oral   fixed_amount_milligram","acetaminophen",1125315
"eunomia2",1,"An OMOP CDM database","ingredient_name","acetaminophen","unit &&& route &&& pattern_id","milligram &&& oral &&& 17","daily_dose",NA,"median","numeric","0.344827586206897","overall","overall","milligram  oral   milligram__milligram","acetaminophen",1125315
"eunomia2",1,"An OMOP CDM database","ingredient_name","acetaminophen","unit &&& route &&& pattern_id","milligram &&& oral &&& 9","daily_dose",NA,"median","numeric","43.2703003337041","overall","overall","milligram  oral   fixed_amount_milligram","acetaminophen",1125315
"eunomia2",1,"An OMOP CDM database","ingredient_name","acetaminophen","unit &&& route &&& pattern_id","milligram &&& oral &&& 17","daily_dose",NA,"q75","numeric","0.5","overall","overall","milligram  oral   milligram__milligram","acetaminophen",1125315
"eunomia2",1,"An OMOP CDM database","ingredient_name","acetaminophen","unit &&& route &&& pattern_id","milligram &&& oral &&& 9","daily_dose",NA,"q75","numeric","100.862068965517","overall","overall","milligram  oral   fixed_amount_milligram","acetaminophen",1125315
"eunomia2",1,"An OMOP CDM database","ingredient_name","acetaminophen","unit &&& route &&& pattern_id","milligram &&& oral &&& 17","daily_dose",NA,"q95","numeric","9.5","overall","overall","milligram  oral   milligram__milligram","acetaminophen",1125315
"eunomia2",1,"An OMOP CDM database","ingredient_name","acetaminophen","unit &&& route &&& pattern_id","milligram &&& oral &&& 9","daily_dose",NA,"q95","numeric","1410","overall","overall","milligram  oral   fixed_amount_milligram","acetaminophen",1125315
"eunomia2",1,"An OMOP CDM database","ingredient_name","acetaminophen","unit &&& route &&& pattern_id","milligram &&& oral &&& 17","daily_dose",NA,"min","numeric","0.021978021978022","overall","overall","milligram  oral   milligram__milligram","acetaminophen",1125315
"eunomia2",1,"An OMOP CDM database","ingredient_name","acetaminophen","unit &&& route &&& pattern_id","milligram &&& oral &&& 9","daily_dose",NA,"min","numeric","2.1978021978022","overall","overall","milligram  oral   fixed_amount_milligram","acetaminophen",1125315
"eunomia2",1,"An OMOP CDM database","ingredient_name","acetaminophen","unit &&& route &&& pattern_id","milligram &&& oral &&& 17","daily_dose",NA,"max","numeric","10","overall","overall","milligram  oral   milligram__milligram","acetaminophen",1125315
"eunomia2",1,"An OMOP CDM database","ingredient_name","acetaminophen","unit &&& route &&& pattern_id","milligram &&& oral &&& 9","daily_dose",NA,"max","numeric","2400","overall","overall","milligram  oral   fixed_amount_milligram","acetaminophen",1125315
