"database_id","drug_concept_id","drug","ingredient_concept_id","ingredient","n_records","n_sample","n_person","n_non_negative_days","n_negative_days","proportion_negative_days","minimum_drug_exposure_days","q05_drug_exposure_days","q10_drug_exposure_days","q25_drug_exposure_days","median_drug_exposure_days","q75_drug_exposure_days","q90_drug_exposure_days","q95_drug_exposure_days","maximum_drug_exposure_days","result_obscured"
"eunomia2",1127078,"acetaminophen 750 MG / Hydrocodone Bitartrate",1125315,"acetaminophen",19,86,13,19,0,0,1,1,1,15,29,46,61,63.9999999999999,91,FALSE
"eunomia2",1127433,"acetaminophen 325 MG / Oxycodone Hydrochloride",1125315,"acetaminophen",13,86,11,13,0,0,1,1,2.4,8,29,31,85,91,91,FALSE
"eunomia2",19133768,"acetaminophen 160 MG Oral Tablet",1125315,"acetaminophen",14,86,13,14,0,0,1,1,1,8,18.5,29,82,91,91,FALSE
"eunomia2",40162522,"acetaminophen 325 MG Oral Tablet",1125315,"acetaminophen",18,86,15,18,0,0,1,1,1,9.75,29,61,91,91,91,FALSE
"eunomia2",40229134,"acetaminophen 21.7 MG/ML / Dextromethorphan",1125315,"acetaminophen",12,86,11,12,0,0,1,4.85,8,8,11.5,61,88,91,91,FALSE
"eunomia2",40231925,"acetaminophen 325 MG / Hydrocodone Bitartrate",1125315,"acetaminophen",10,86,9,10,0,0,1,4.15,7.3,18.5,29,30.5,61,61,61,FALSE
