"database_id","ingredient_concept_id","ingredient","variable","n_records","n_sample","n_person","n_records_not_missing_value","n_records_missing_value","proportion_records_missing_value","result_obscured"
"eunomia2",1125315,"acetaminophen","n_missing_drug_exposure_id",86,86,38,86,0,0,FALSE
"eunomia2",1125315,"acetaminophen","n_missing_person_id",86,86,38,86,0,0,FALSE
"eunomia2",1125315,"acetaminophen","n_missing_drug_concept_id",86,86,38,86,0,0,FALSE
"eunomia2",1125315,"acetaminophen","n_missing_drug_exposure_start_date",86,86,38,86,0,0,FALSE
"eunomia2",1125315,"acetaminophen","n_missing_drug_exposure_end_date",86,86,38,86,0,0,FALSE
"eunomia2",1125315,"acetaminophen","n_missing_verbatim_end_date",86,86,38,86,0,0,FALSE
"eunomia2",1125315,"acetaminophen","n_missing_drug_type_concept_id",86,86,38,86,0,0,FALSE
"eunomia2",1125315,"acetaminophen","n_missing_quantity",86,86,38,86,0,0,FALSE
"eunomia2",1125315,"acetaminophen","n_missing_days_supply",86,86,38,86,0,0,FALSE
"eunomia2",1125315,"acetaminophen","n_missing_sig",86,86,38,86,0,0,FALSE
"eunomia2",1125315,"acetaminophen","n_missing_route_concept_id",86,86,38,86,0,0,FALSE
"eunomia2",1125315,"acetaminophen","n_missing_drug_source_value",86,86,38,86,0,0,FALSE
"eunomia2",1125315,"acetaminophen","n_missing_drug_source_concept_id",86,86,38,86,0,0,FALSE
"eunomia2",1125315,"acetaminophen","n_missing_route_source_value",86,86,38,0,86,1,FALSE
"eunomia2",1125315,"acetaminophen","n_missing_dose_unit_source_value",86,86,38,0,86,1,FALSE
