"database_id","drug_concept_id","drug","ingredient_concept_id","ingredient","n_records","n_sample","n_person","minimum_drug_exposure_quantity","q05_drug_exposure_quantity","q10_drug_exposure_quantity","q25_drug_exposure_quantity","median_drug_exposure_quantity","q75_drug_exposure_quantity","q90_drug_exposure_quantity","q95_drug_exposure_quantity","maximum_drug_exposure_quantity","result_obscured"
"eunomia",1127078,"acetaminophen 750 MG / Hydrocodone Bitartrate",1125315,"acetaminophen",8,44,8,2,2.35,2.7,3.75,6.5,9,9.3,9.65,10,FALSE
"eunomia",1127433,"acetaminophen 325 MG / Oxycodone Hydrochloride",1125315,"acetaminophen",8,44,6,4,4,4,6.25,8,9,9.3,9.65,10,FALSE
"eunomia",19133768,"acetaminophen 160 MG Oral Tablet",1125315,"acetaminophen",8,44,8,1,1,1,2.5,5,6.75,9,9,9,FALSE
"eunomia",40162522,"acetaminophen 325 MG Oral Tablet",1125315,"acetaminophen",12,44,10,1,1,1.1,2,3,5,5.9,6.9,8,FALSE
"eunomia",40229134,"acetaminophen 21.7 MG/ML / Dextromethorphan",1125315,"acetaminophen",6,44,6,3,3.25,3.5,4.25,5.5,7.5,9,9.5,10,FALSE
"eunomia",40231925,"acetaminophen 325 MG / Hydrocodone Bitartrate",1125315,"acetaminophen",NA,NA,NA,NA,NA,NA,NA,NA,NA,NA,NA,NA,TRUE
