"database_id","result_id","cdm_name","group_name","group_level","strata_name","strata_level","variable_name","variable_level","estimate_name","estimate_type","estimate_value","additional_name","additional_level","pattern_name","ingredient","ingredient_concept_id"
"eunomia",1,"DrugExposureMock","ingredient_name","acetaminophen","overall","overall","number records",NA,"count","integer","86","overall","overall","overall","acetaminophen",1125315
"eunomia",1,"DrugExposureMock","ingredient_name","acetaminophen","overall","overall","Missing dose",NA,"count_missing","integer","0","overall","overall","overall","acetaminophen",1125315
"eunomia",1,"DrugExposureMock","ingredient_name","acetaminophen","overall","overall","Missing dose",NA,"percentage_missing","percentage","0","overall","overall","overall","acetaminophen",1125315
"eunomia",1,"DrugExposureMock","ingredient_name","acetaminophen","overall","overall","daily_dose",NA,"mean","numeric","193.562337961485","overall","overall","overall","acetaminophen",1125315
"eunomia",1,"DrugExposureMock","ingredient_name","acetaminophen","overall","overall","daily_dose",NA,"sd","numeric","418.678618357821","overall","overall","overall","acetaminophen",1125315
"eunomia",1,"DrugExposureMock","ingredient_name","acetaminophen","overall","overall","daily_dose",NA,"q05","numeric","6.5663844352369","overall","overall","overall","acetaminophen",1125315
"eunomia",1,"DrugExposureMock","ingredient_name","acetaminophen","overall","overall","daily_dose",NA,"q25","numeric","13.6755485893417","overall","overall","overall","acetaminophen",1125315
"eunomia",1,"DrugExposureMock","ingredient_name","acetaminophen","overall","overall","daily_dose",NA,"median","numeric","27.5862068965517","overall","overall","overall","acetaminophen",1125315
"eunomia",1,"DrugExposureMock","ingredient_name","acetaminophen","overall","overall","daily_dose",NA,"q75","numeric","100","overall","overall","overall","acetaminophen",1125315
"eunomia",1,"DrugExposureMock","ingredient_name","acetaminophen","overall","overall","daily_dose",NA,"q95","numeric","1000","overall","overall","overall","acetaminophen",1125315
"eunomia",1,"DrugExposureMock","ingredient_name","acetaminophen","overall","overall","daily_dose",NA,"min","numeric","2.1978021978022","overall","overall","overall","acetaminophen",1125315
"eunomia",1,"DrugExposureMock","ingredient_name","acetaminophen","overall","overall","daily_dose",NA,"max","numeric","2000","overall","overall","overall","acetaminophen",1125315
"eunomia",1,"DrugExposureMock","ingredient_name","acetaminophen","unit","milliliter","number records",NA,"count","integer","86","overall","overall","milliliter","acetaminophen",1125315
"eunomia",1,"DrugExposureMock","ingredient_name","acetaminophen","unit","milliliter","Missing dose",NA,"count_missing","integer","0","overall","overall","milliliter","acetaminophen",1125315
"eunomia",1,"DrugExposureMock","ingredient_name","acetaminophen","unit","milliliter","Missing dose",NA,"percentage_missing","percentage","0","overall","overall","milliliter","acetaminophen",1125315
"eunomia",1,"DrugExposureMock","ingredient_name","acetaminophen","unit","milliliter","daily_dose",NA,"mean","numeric","193.562337961485","overall","overall","milliliter","acetaminophen",1125315
"eunomia",1,"DrugExposureMock","ingredient_name","acetaminophen","unit","milliliter","daily_dose",NA,"sd","numeric","418.678618357821","overall","overall","milliliter","acetaminophen",1125315
"eunomia",1,"DrugExposureMock","ingredient_name","acetaminophen","unit","milliliter","daily_dose",NA,"q05","numeric","6.5663844352369","overall","overall","milliliter","acetaminophen",1125315
"eunomia",1,"DrugExposureMock","ingredient_name","acetaminophen","unit","milliliter","daily_dose",NA,"q25","numeric","13.6755485893417","overall","overall","milliliter","acetaminophen",1125315
"eunomia",1,"DrugExposureMock","ingredient_name","acetaminophen","unit","milliliter","daily_dose",NA,"median","numeric","27.5862068965517","overall","overall","milliliter","acetaminophen",1125315
"eunomia",1,"DrugExposureMock","ingredient_name","acetaminophen","unit","milliliter","daily_dose",NA,"q75","numeric","100","overall","overall","milliliter","acetaminophen",1125315
"eunomia",1,"DrugExposureMock","ingredient_name","acetaminophen","unit","milliliter","daily_dose",NA,"q95","numeric","1000","overall","overall","milliliter","acetaminophen",1125315
"eunomia",1,"DrugExposureMock","ingredient_name","acetaminophen","unit","milliliter","daily_dose",NA,"min","numeric","2.1978021978022","overall","overall","milliliter","acetaminophen",1125315
"eunomia",1,"DrugExposureMock","ingredient_name","acetaminophen","unit","milliliter","daily_dose",NA,"max","numeric","2000","overall","overall","milliliter","acetaminophen",1125315
"eunomia",1,"DrugExposureMock","ingredient_name","acetaminophen","route &&& unit","oral &&& milliliter","number records",NA,"count","integer","86","overall","overall","oral  milliliter","acetaminophen",1125315
"eunomia",1,"DrugExposureMock","ingredient_name","acetaminophen","route &&& unit","oral &&& milliliter","Missing dose",NA,"count_missing","integer","0","overall","overall","oral  milliliter","acetaminophen",1125315
"eunomia",1,"DrugExposureMock","ingredient_name","acetaminophen","route &&& unit","oral &&& milliliter","Missing dose",NA,"percentage_missing","percentage","0","overall","overall","oral  milliliter","acetaminophen",1125315
"eunomia",1,"DrugExposureMock","ingredient_name","acetaminophen","route &&& unit","oral &&& milliliter","daily_dose",NA,"mean","numeric","193.562337961485","overall","overall","oral  milliliter","acetaminophen",1125315
"eunomia",1,"DrugExposureMock","ingredient_name","acetaminophen","route &&& unit","oral &&& milliliter","daily_dose",NA,"sd","numeric","418.678618357821","overall","overall","oral  milliliter","acetaminophen",1125315
"eunomia",1,"DrugExposureMock","ingredient_name","acetaminophen","route &&& unit","oral &&& milliliter","daily_dose",NA,"q05","numeric","6.5663844352369","overall","overall","oral  milliliter","acetaminophen",1125315
"eunomia",1,"DrugExposureMock","ingredient_name","acetaminophen","route &&& unit","oral &&& milliliter","daily_dose",NA,"q25","numeric","13.6755485893417","overall","overall","oral  milliliter","acetaminophen",1125315
"eunomia",1,"DrugExposureMock","ingredient_name","acetaminophen","route &&& unit","oral &&& milliliter","daily_dose",NA,"median","numeric","27.5862068965517","overall","overall","oral  milliliter","acetaminophen",1125315
"eunomia",1,"DrugExposureMock","ingredient_name","acetaminophen","route &&& unit","oral &&& milliliter","daily_dose",NA,"q75","numeric","100","overall","overall","oral  milliliter","acetaminophen",1125315
"eunomia",1,"DrugExposureMock","ingredient_name","acetaminophen","route &&& unit","oral &&& milliliter","daily_dose",NA,"q95","numeric","1000","overall","overall","oral  milliliter","acetaminophen",1125315
"eunomia",1,"DrugExposureMock","ingredient_name","acetaminophen","route &&& unit","oral &&& milliliter","daily_dose",NA,"min","numeric","2.1978021978022","overall","overall","oral  milliliter","acetaminophen",1125315
"eunomia",1,"DrugExposureMock","ingredient_name","acetaminophen","route &&& unit","oral &&& milliliter","daily_dose",NA,"max","numeric","2000","overall","overall","oral  milliliter","acetaminophen",1125315
"eunomia",1,"DrugExposureMock","ingredient_name","acetaminophen","unit &&& route &&& pattern_id","milliliter &&& oral &&& 10","number records",NA,"count","integer","86","overall","overall","milliliter  oral   fixed_amount_milliliter","acetaminophen",1125315
"eunomia",1,"DrugExposureMock","ingredient_name","acetaminophen","unit &&& route &&& pattern_id","milliliter &&& oral &&& 10","Missing dose",NA,"count_missing","integer","0","overall","overall","milliliter  oral   fixed_amount_milliliter","acetaminophen",1125315
"eunomia",1,"DrugExposureMock","ingredient_name","acetaminophen","unit &&& route &&& pattern_id","milliliter &&& oral &&& 10","Missing dose",NA,"percentage_missing","percentage","0","overall","overall","milliliter  oral   fixed_amount_milliliter","acetaminophen",1125315
"eunomia",1,"DrugExposureMock","ingredient_name","acetaminophen","unit &&& route &&& pattern_id","milliliter &&& oral &&& 10","daily_dose",NA,"mean","numeric","193.562337961485","overall","overall","milliliter  oral   fixed_amount_milliliter","acetaminophen",1125315
"eunomia",1,"DrugExposureMock","ingredient_name","acetaminophen","unit &&& route &&& pattern_id","milliliter &&& oral &&& 10","daily_dose",NA,"sd","numeric","418.678618357821","overall","overall","milliliter  oral   fixed_amount_milliliter","acetaminophen",1125315
"eunomia",1,"DrugExposureMock","ingredient_name","acetaminophen","unit &&& route &&& pattern_id","milliliter &&& oral &&& 10","daily_dose",NA,"q05","numeric","6.5663844352369","overall","overall","milliliter  oral   fixed_amount_milliliter","acetaminophen",1125315
"eunomia",1,"DrugExposureMock","ingredient_name","acetaminophen","unit &&& route &&& pattern_id","milliliter &&& oral &&& 10","daily_dose",NA,"q25","numeric","13.6755485893417","overall","overall","milliliter  oral   fixed_amount_milliliter","acetaminophen",1125315
"eunomia",1,"DrugExposureMock","ingredient_name","acetaminophen","unit &&& route &&& pattern_id","milliliter &&& oral &&& 10","daily_dose",NA,"median","numeric","27.5862068965517","overall","overall","milliliter  oral   fixed_amount_milliliter","acetaminophen",1125315
"eunomia",1,"DrugExposureMock","ingredient_name","acetaminophen","unit &&& route &&& pattern_id","milliliter &&& oral &&& 10","daily_dose",NA,"q75","numeric","100","overall","overall","milliliter  oral   fixed_amount_milliliter","acetaminophen",1125315
"eunomia",1,"DrugExposureMock","ingredient_name","acetaminophen","unit &&& route &&& pattern_id","milliliter &&& oral &&& 10","daily_dose",NA,"q95","numeric","1000","overall","overall","milliliter  oral   fixed_amount_milliliter","acetaminophen",1125315
"eunomia",1,"DrugExposureMock","ingredient_name","acetaminophen","unit &&& route &&& pattern_id","milliliter &&& oral &&& 10","daily_dose",NA,"min","numeric","2.1978021978022","overall","overall","milliliter  oral   fixed_amount_milliliter","acetaminophen",1125315
"eunomia",1,"DrugExposureMock","ingredient_name","acetaminophen","unit &&& route &&& pattern_id","milliliter &&& oral &&& 10","daily_dose",NA,"max","numeric","2000","overall","overall","milliliter  oral   fixed_amount_milliliter","acetaminophen",1125315
