"database_id","drug_concept_id","drug","ingredient_concept_id","ingredient","route_concept_id","route_type","n_records","n_sample","n_person","proportion_records","result_obscured"
"eunomia",40229134,"acetaminophen 21.7 MG/ML / Dextromethorphan",1125315,"acetaminophen",4132161,"Oral",6,44,6,0.136363636363636,FALSE
"eunomia",40231925,"acetaminophen 325 MG / Hydrocodone Bitartrate",1125315,"acetaminophen",NA,NA,NA,NA,NA,NA,TRUE
"eunomia",1127433,"acetaminophen 325 MG / Oxycodone Hydrochloride",1125315,"acetaminophen",4132161,"Oral",8,44,6,0.181818181818182,FALSE
"eunomia",19133768,"acetaminophen 160 MG Oral Tablet",1125315,"acetaminophen",4132161,"Oral",8,44,8,0.181818181818182,FALSE
"eunomia",40162522,"acetaminophen 325 MG Oral Tablet",1125315,"acetaminophen",4132161,"Oral",12,44,10,0.272727272727273,FALSE
"eunomia",1127078,"acetaminophen 750 MG / Hydrocodone Bitartrate",1125315,"acetaminophen",4132161,"Oral",8,44,8,0.181818181818182,FALSE
