"database_id","drug_concept_id","drug","ingredient_concept_id","ingredient","n_records","n_patients","domain_id","vocabulary_id","concept_class_id","standard_concept","concept_code","valid_start_date","valid_end_date","invalid_reason","amount_value","amount_unit_concept_id","numerator_value","numerator_unit_concept_id","numerator_unit","denominator_value","denominator_unit_concept_id","denominator_unit","box_size","amount_unit","dose_form","result_obscured"
"IPCI",43141013,"fosamprenavir 700 MG Delayed Release Oral Tablet",1736829,"fosamprenavir",28,10,"Drug","RxNorm Extension","Clinical Drug","S","OMOP502916","2017-08-24","2099-12-31",NA,700,8576,NA,NA,NA,NA,NA,NA,NA,"milligram","Delayed Release Oral Tablet",FALSE
"IPCI",43141014,"fosamprenavir 700 MG Delayed Release Oral Tablet [Telzir]",1736829,"fosamprenavir",96,58,"Drug","RxNorm Extension","Branded Drug","S","OMOP502918","2017-08-24","2099-12-31",NA,700,8576,NA,NA,NA,NA,NA,NA,NA,"milligram","Delayed Release Oral Tablet",FALSE
"IPCI",19122565,"tipranavir 250 MG Oral Capsule [Aptivus]",1736999,"tipranavir",NA,NA,"Drug","RxNorm","Branded Drug","S","603378","13205","47481",NA,250,8576,NA,NA,NA,NA,NA,NA,NA,"milligram","Oral Capsule",TRUE
"IPCI",40166029,"saquinavir 200 MG Oral Capsule [Invirase]",1746244,"saquinavir",144,24,"Drug","RxNorm","Branded Drug","S","859861","14493","47481",NA,200,8576,NA,NA,NA,NA,NA,NA,NA,"milligram","Oral Capsule",FALSE
"IPCI",19043586,"saquinavir 200 MG Oral Capsule [Fortovase]",1746244,"saquinavir",94,8,"Drug","RxNorm","Branded Drug","S","210201","0","47481",NA,200,8576,NA,NA,NA,NA,NA,NA,NA,"milligram","Oral Capsule",FALSE
"IPCI",40166033,"saquinavir mesylate 500 MG Oral Tablet [Invirase]",1746244,"saquinavir",159,17,"Drug","RxNorm","Branded Drug","S","859865","14493","47481",NA,500,8576,NA,NA,NA,NA,NA,NA,NA,"milligram","Oral Tablet",FALSE
"IPCI",19022976,"saquinavir 200 MG Oral Capsule",1746244,"saquinavir",85,9,"Drug","RxNorm","Clinical Drug","S","200105","0","47481",NA,200,8576,NA,NA,NA,NA,NA,NA,NA,"milligram","Oral Capsule",FALSE
"IPCI",40166032,"saquinavir mesylate 500 MG Oral Tablet",1746244,"saquinavir",NA,NA,"Drug","RxNorm","Clinical Drug","S","859863","14493","47481",NA,500,8576,NA,NA,NA,NA,NA,NA,NA,"milligram","Oral Tablet",TRUE
"IPCI",1727254,"atazanavir 300 MG Oral Capsule",1727223,"atazanavir",790,125,"Drug","RxNorm","Clinical Drug","S","664741","13499","47481",NA,300,8576,NA,NA,NA,NA,NA,NA,NA,"milligram","Oral Capsule",FALSE
"IPCI",1727255,"atazanavir 300 MG Oral Capsule [Reyataz]",1727223,"atazanavir",3297,231,"Drug","RxNorm","Branded Drug","S","664743","13499","47481",NA,300,8576,NA,NA,NA,NA,NA,NA,NA,"milligram","Oral Capsule",FALSE
"IPCI",1831275,"atazanavir 300 MG Oral Capsule [Atazanavir Mylan]",1727223,"atazanavir",127,22,"Drug","RxNorm Extension","Branded Drug","S","OMOP5156522","18871","47481",NA,300,8576,NA,NA,NA,NA,NA,NA,NA,"milligram","Oral Capsule",FALSE
"IPCI",19102201,"atazanavir 200 MG Oral Capsule [Reyataz]",1727223,"atazanavir",2151,78,"Drug","RxNorm","Branded Drug","S","402093","0","47481",NA,200,8576,NA,NA,NA,NA,NA,NA,NA,"milligram","Oral Capsule",FALSE
"IPCI",19102202,"atazanavir 150 MG Oral Capsule [Reyataz]",1727223,"atazanavir",762,73,"Drug","RxNorm","Branded Drug","S","402094","0","47481",NA,150,8576,NA,NA,NA,NA,NA,NA,NA,"milligram","Oral Capsule",FALSE
"IPCI",19102220,"atazanavir 100 MG Oral Capsule",1727223,"atazanavir",NA,NA,"Drug","RxNorm","Clinical Drug","S","402245","0","47481",NA,100,8576,NA,NA,NA,NA,NA,NA,NA,"milligram","Oral Capsule",TRUE
"IPCI",19102221,"atazanavir 150 MG Oral Capsule",1727223,"atazanavir",45,9,"Drug","RxNorm","Clinical Drug","S","402246","0","47481",NA,150,8576,NA,NA,NA,NA,NA,NA,NA,"milligram","Oral Capsule",FALSE
"IPCI",19102222,"atazanavir 200 MG Oral Capsule",1727223,"atazanavir",341,28,"Drug","RxNorm","Clinical Drug","S","402247","0","47481",NA,200,8576,NA,NA,NA,NA,NA,NA,NA,"milligram","Oral Capsule",FALSE
"IPCI",40071867,"nelfinavir Oral Tablet",1715472,"nelfinavir",NA,NA,"Drug","RxNorm","Clinical Drug Form","S","373015","0","47481",NA,NA,8576,NA,NA,NA,NA,NA,NA,NA,"milligram","Oral Tablet",TRUE
"IPCI",40165043,"nelfinavir 0.05 MG/MG Oral Powder [Viracept]",1715472,"nelfinavir",NA,NA,"Drug","RxNorm","Branded Drug","S","861032","14493","47481",NA,NA,NA,0.05,8576,"milligram",NA,8576,"milligram",NA,NA,"Oral Powder",TRUE
"IPCI",1715475,"nelfinavir 250 MG Oral Tablet",1715472,"nelfinavir",NA,NA,"Drug","RxNorm","Clinical Drug","S","311924","0","47481",NA,250,8576,NA,NA,NA,NA,NA,NA,NA,"milligram","Oral Tablet",TRUE
"IPCI",43215815,"Nelfinavir 250 MG Delayed Release Oral Tablet",1715472,"nelfinavir",NA,NA,"Drug","RxNorm Extension","Clinical Drug","S","OMOP483658","17402","47481",NA,250,8576,NA,NA,NA,NA,NA,NA,NA,"milligram","Delayed Release Oral Tablet",TRUE
"IPCI",1715473,"nelfinavir 250 MG Oral Tablet [Viracept]",1715472,"nelfinavir",355,43,"Drug","RxNorm","Branded Drug","S","212118","0","47481",NA,250,8576,NA,NA,NA,NA,NA,NA,NA,"milligram","Oral Tablet",FALSE
"IPCI",43204906,"Nelfinavir 250 MG Delayed Release Oral Tablet [Viracept]",1715472,"nelfinavir",103,15,"Drug","RxNorm Extension","Branded Drug","S","OMOP483660","17402","47481",NA,250,8576,NA,NA,NA,NA,NA,NA,NA,"milligram","Delayed Release Oral Tablet",FALSE
"IPCI",1711524,"indinavir 200 MG Oral Capsule [Crixivan]",1711523,"indinavir",NA,NA,"Drug","RxNorm","Branded Drug","S","153127","0","47481",NA,200,8576,NA,NA,NA,NA,NA,NA,NA,"milligram","Oral Capsule",TRUE
"IPCI",19078498,"indinavir 400 MG Oral Capsule",1711523,"indinavir",73,12,"Drug","RxNorm","Clinical Drug","S","310988","0","47481",NA,400,8576,NA,NA,NA,NA,NA,NA,NA,"milligram","Oral Capsule",FALSE
"IPCI",1711525,"indinavir 400 MG Oral Capsule [Crixivan]",1711523,"indinavir",326,41,"Drug","RxNorm","Branded Drug","S","153128","0","47481",NA,400,8576,NA,NA,NA,NA,NA,NA,NA,"milligram","Oral Capsule",FALSE
"IPCI",19068301,"amprenavir 150 MG Oral Capsule [Agenerase]",1789428,"amprenavir",NA,NA,"Drug","RxNorm","Branded Drug","S","261207","0","47481",NA,150,8576,NA,NA,NA,NA,NA,NA,NA,"milligram","Oral Capsule",TRUE
"IPCI",1235349,"cobicistat 150 MG / darunavir 867 MG Oral Tablet",1756831,"darunavir",100,19,"Drug","RxNorm Extension","Clinical Drug","S","OMOP5216053","19593","47481",NA,867,8576,NA,NA,NA,NA,NA,NA,NA,"milligram","Oral Tablet",FALSE
"IPCI",1235632,"darunavir 434 MG Oral Tablet",1756831,"darunavir",121,19,"Drug","RxNorm Extension","Clinical Drug","S","OMOP5216338","19593","47481",NA,434,8576,NA,NA,NA,NA,NA,NA,NA,"milligram","Oral Tablet",FALSE
"IPCI",1235634,"darunavir 650 MG Oral Tablet",1756831,"darunavir",136,17,"Drug","RxNorm Extension","Clinical Drug","S","OMOP5216340","19593","47481",NA,650,8576,NA,NA,NA,NA,NA,NA,NA,"milligram","Oral Tablet",FALSE
"IPCI",1235636,"darunavir 867 MG Oral Tablet",1756831,"darunavir",209,41,"Drug","RxNorm Extension","Clinical Drug","S","OMOP5216342","19593","47481",NA,867,8576,NA,NA,NA,NA,NA,NA,NA,"milligram","Oral Tablet",FALSE
"IPCI",1560078,"cobicistat / darunavir / emtricitabine / tenofovir alafenamide Oral Tablet",1756831,"darunavir",NA,NA,"Drug","RxNorm","Clinical Drug Form","S","2049670","17749","47481",NA,NA,8576,NA,NA,NA,NA,NA,NA,NA,"milligram","Oral Tablet",TRUE
"IPCI",1560082,"cobicistat / darunavir / emtricitabine / tenofovir alafenamide Oral Tablet [Symtuza]",1756831,"darunavir",60,16,"Drug","RxNorm","Branded Drug Form","S","2049674","17749","47481",NA,NA,8576,NA,NA,NA,NA,NA,NA,NA,"milligram","Oral Tablet",FALSE
"IPCI",1560085,"cobicistat 150 MG / darunavir 800 MG / emtricitabine 200 MG / tenofovir alafenamide 10 MG Oral Tablet [Symtuza]",1756831,"darunavir",1616,127,"Drug","RxNorm","Branded Drug","S","2049677","17749","47481",NA,800,8576,NA,NA,NA,NA,NA,NA,NA,"milligram","Oral Tablet",FALSE
"IPCI",1756839,"darunavir 400 MG Oral Tablet",1756831,"darunavir",NA,NA,"Drug","RxNorm","Clinical Drug","S","824338","14213","47481",NA,400,8576,NA,NA,NA,NA,NA,NA,NA,"milligram","Oral Tablet",TRUE
"IPCI",1756840,"darunavir 400 MG Oral Tablet [Prezista]",1756831,"darunavir",823,97,"Drug","RxNorm","Branded Drug","S","824876","14213","47481",NA,400,8576,NA,NA,NA,NA,NA,NA,NA,"milligram","Oral Tablet",FALSE
"IPCI",19124376,"darunavir 300 MG Oral Tablet",1756831,"darunavir",81,14,"Drug","RxNorm","Clinical Drug","S","643074","13387","47481",NA,300,8576,NA,NA,NA,NA,NA,NA,NA,"milligram","Oral Tablet",FALSE
"IPCI",19124378,"darunavir 300 MG Oral Tablet [Prezista]",1756831,"darunavir",87,12,"Drug","RxNorm","Branded Drug","S","643078","13387","47481",NA,300,8576,NA,NA,NA,NA,NA,NA,NA,"milligram","Oral Tablet",FALSE
"IPCI",19125237,"darunavir 600 MG Oral Tablet",1756831,"darunavir",328,16,"Drug","RxNorm","Clinical Drug","S","670026","13499","47481",NA,600,8576,NA,NA,NA,NA,NA,NA,NA,"milligram","Oral Tablet",FALSE
"IPCI",19129965,"darunavir 600 MG Oral Tablet [Prezista]",1756831,"darunavir",1195,54,"Drug","RxNorm","Branded Drug","S","794610","14031","47481",NA,600,8576,NA,NA,NA,NA,NA,NA,NA,"milligram","Oral Tablet",FALSE
"IPCI",19133699,"darunavir 75 MG Oral Tablet [Prezista]",1756831,"darunavir",NA,NA,"Drug","RxNorm","Branded Drug","S","831870","14304","47481",NA,75,8576,NA,NA,NA,NA,NA,NA,NA,"milligram","Oral Tablet",TRUE
"IPCI",21110078,"cobicistat 150 MG / darunavir 800 MG Oral Tablet [Rezolsta]",1756831,"darunavir",1498,91,"Drug","RxNorm Extension","Branded Drug","S","OMOP335348","17402","47481",NA,800,8576,NA,NA,NA,NA,NA,NA,NA,"milligram","Oral Tablet",FALSE
"IPCI",40134454,"darunavir Oral Tablet",1756831,"darunavir",95,12,"Drug","RxNorm","Clinical Drug Form","S","643073","13387","47481",NA,NA,8576,NA,NA,NA,NA,NA,NA,NA,"milligram","Oral Tablet",FALSE
"IPCI",40161651,"darunavir 150 MG Oral Tablet",1756831,"darunavir",NA,NA,"Drug","RxNorm","Clinical Drug","S","850455","14430","47481",NA,150,8576,NA,NA,NA,NA,NA,NA,NA,"milligram","Oral Tablet",TRUE
"IPCI",40161652,"darunavir 150 MG Oral Tablet [Prezista]",1756831,"darunavir",NA,NA,"Drug","RxNorm","Branded Drug","S","850457","14430","47481",NA,150,8576,NA,NA,NA,NA,NA,NA,NA,"milligram","Oral Tablet",TRUE
"IPCI",42707832,"darunavir 100 MG/ML Oral Suspension [Prezista]",1756831,"darunavir",NA,NA,"Drug","RxNorm","Branded Drug","S","1236632","15467","47481",NA,NA,NA,100,8576,"milligram",NA,8587,"milliliter",NA,NA,"Oral Suspension",TRUE
"IPCI",42902282,"darunavir 800 MG Oral Tablet",1756831,"darunavir",564,73,"Drug","RxNorm","Clinical Drug","S","1359269","15677","47481",NA,800,8576,NA,NA,NA,NA,NA,NA,NA,"milligram","Oral Tablet",FALSE
"IPCI",42902283,"darunavir 800 MG Oral Tablet [Prezista]",1756831,"darunavir",1585,177,"Drug","RxNorm","Branded Drug","S","1359271","15677","47481",NA,800,8576,NA,NA,NA,NA,NA,NA,NA,"milligram","Oral Tablet",FALSE
"IPCI",45892974,"cobicistat 150 MG / darunavir 800 MG Oral Tablet",1756831,"darunavir",136,15,"Drug","RxNorm","Clinical Drug","S","1600704","16496","47481",NA,800,8576,NA,NA,NA,NA,NA,NA,NA,"milligram","Oral Tablet",FALSE
"IPCI",1235357,"nirmatrelvir / ritonavir Oral Tablet",1748921,"ritonavir",33,31,"Drug","RxNorm Extension","Clinical Drug Form","S","OMOP5216063","19593","47481",NA,NA,8576,NA,NA,NA,NA,NA,NA,NA,"milligram","Oral Tablet",FALSE
"IPCI",1748921,"ritonavir",1748921,"ritonavir",NA,NA,"Drug","RxNorm","Ingredient","S","85762","0","47481",NA,NA,8576,NA,NA,NA,NA,NA,NA,NA,"milligram",NA,TRUE
"IPCI",1748953,"ritonavir 80 MG/ML Oral Solution [Norvir]",1748921,"ritonavir",89,17,"Drug","RxNorm","Branded Drug","S","152971","0","47481",NA,NA,NA,80,8576,"milligram",NA,8587,"milliliter",NA,NA,"Oral Solution",FALSE
"IPCI",1748954,"ritonavir 80 MG/ML Oral Solution",1748921,"ritonavir",NA,NA,"Drug","RxNorm","Clinical Drug","S","199249","0","47481",NA,NA,NA,80,8576,"milligram",NA,8587,"milliliter",NA,NA,"Oral Solution",TRUE
"IPCI",1748955,"lopinavir 133 MG / ritonavir 33.3 MG Oral Capsule",1748921,"ritonavir",63,8,"Drug","RxNorm","Clinical Drug","S","311368","0","47481",NA,33.3,8576,NA,NA,NA,NA,NA,NA,NA,"milligram","Oral Capsule",FALSE
"IPCI",1748956,"lopinavir 80 MG/ML / ritonavir 20 MG/ML Oral Solution",1748921,"ritonavir",NA,NA,"Drug","RxNorm","Clinical Drug","S","311369","0","47481",NA,NA,NA,20,8576,"milligram",NA,8587,"milliliter",NA,NA,"Oral Solution",TRUE
"IPCI",1748985,"lopinavir 100 MG / ritonavir 25 MG Oral Tablet",1748921,"ritonavir",59,6,"Drug","RxNorm","Clinical Drug","S","746645","13877","47481",NA,25,8576,NA,NA,NA,NA,NA,NA,NA,"milligram","Oral Tablet",FALSE
"IPCI",1748986,"lopinavir 200 MG / ritonavir 50 MG Oral Tablet [Kaletra]",1748921,"ritonavir",3701,240,"Drug","RxNorm","Branded Drug","S","847741","14367","47481",NA,50,8576,NA,NA,NA,NA,NA,NA,NA,"milligram","Oral Tablet",FALSE
"IPCI",1748987,"lopinavir 100 MG / ritonavir 25 MG Oral Tablet [Kaletra]",1748921,"ritonavir",85,19,"Drug","RxNorm","Branded Drug","S","847745","14367","47481",NA,25,8576,NA,NA,NA,NA,NA,NA,NA,"milligram","Oral Tablet",FALSE
"IPCI",1748988,"lopinavir 80 MG/ML / ritonavir 20 MG/ML Oral Solution [Kaletra]",1748921,"ritonavir",177,21,"Drug","RxNorm","Branded Drug","S","847749","14367","47481",NA,NA,NA,20,8576,"milligram",NA,8587,"milliliter",NA,NA,"Oral Solution",FALSE
"IPCI",1748989,"lopinavir 133 MG / ritonavir 33.3 MG Oral Capsule [Kaletra]",1748921,"ritonavir",983,81,"Drug","RxNorm","Branded Drug","S","847753","14367","47481",NA,33.3,8576,NA,NA,NA,NA,NA,NA,NA,"milligram","Oral Capsule",FALSE
"IPCI",19016698,"ritonavir 100 MG Oral Capsule [Norvir]",1748921,"ritonavir",1331,197,"Drug","RxNorm","Branded Drug","S","152970","0","47481",NA,100,8576,NA,NA,NA,NA,NA,NA,NA,"milligram","Oral Capsule",FALSE
"IPCI",19082373,"ritonavir 100 MG Oral Capsule",1748921,"ritonavir",301,56,"Drug","RxNorm","Clinical Drug","S","317150","0","47481",NA,100,8576,NA,NA,NA,NA,NA,NA,NA,"milligram","Oral Capsule",FALSE
"IPCI",19122186,"lopinavir 200 MG / ritonavir 50 MG Oral Tablet",1748921,"ritonavir",252,46,"Drug","RxNorm","Clinical Drug","S","597730","13163","47481",NA,50,8576,NA,NA,NA,NA,NA,NA,NA,"milligram","Oral Tablet",FALSE
"IPCI",21061186,"ombitasvir 12.5 MG / paritaprevir 75 MG / Ritonavir 50 MG Oral Tablet [Viekirax]",1748921,"ritonavir",27,12,"Drug","RxNorm Extension","Branded Drug","S","OMOP343898","17402","47481",NA,50,8576,NA,NA,NA,NA,NA,NA,NA,"milligram","Oral Tablet",FALSE
"IPCI",35410716,"Ritonavir 100 MG Powder for Oral Suspension [Norvir]",1748921,"ritonavir",31,5,"Drug","RxNorm Extension","Branded Drug","S","OMOP1144301","17402","47481",NA,100,8576,NA,NA,NA,NA,NA,NA,NA,"milligram","Powder for Oral Suspension",FALSE
"IPCI",40128015,"lopinavir / ritonavir Oral Tablet",1748921,"ritonavir",NA,NA,"Drug","RxNorm","Clinical Drug Form","S","597729","13163","47481",NA,NA,8576,NA,NA,NA,NA,NA,NA,NA,"milligram","Oral Tablet",TRUE
"IPCI",40171778,"ritonavir 100 MG Oral Tablet",1748921,"ritonavir",1558,216,"Drug","RxNorm","Clinical Drug","S","900575","14668","47481",NA,100,8576,NA,NA,NA,NA,NA,NA,NA,"milligram","Oral Tablet",FALSE
"IPCI",40171779,"ritonavir 100 MG Oral Tablet [Norvir]",1748921,"ritonavir",6824,431,"Drug","RxNorm","Branded Drug","S","900577","14668","47481",NA,100,8576,NA,NA,NA,NA,NA,NA,NA,"milligram","Oral Tablet",FALSE
"IPCI",40171780,"ritonavir Oral Tablet",1748921,"ritonavir",NA,NA,"Drug","RxNorm","Clinical Drug Form","S","900574","14668","47481",NA,NA,8576,NA,NA,NA,NA,NA,NA,NA,"milligram","Oral Tablet",TRUE
"IPCI",43660518,"Ritonavir 100 MG Oral Tablet [Ritonavir Accord]",1748921,"ritonavir",116,20,"Drug","RxNorm Extension","Branded Drug","S","OMOP695599","17402","47481",NA,100,8576,NA,NA,NA,NA,NA,NA,NA,"milligram","Oral Tablet",FALSE
"IPCI",43732231,"Ritonavir 100 MG Oral Tablet [Ritonavir Mylan]",1748921,"ritonavir",758,79,"Drug","RxNorm Extension","Branded Drug","S","OMOP695601","17402","47481",NA,100,8576,NA,NA,NA,NA,NA,NA,NA,"milligram","Oral Tablet",FALSE
"IPCI",739612,"cabotegravir 30 MG Oral Tablet",739588,"cabotegravir",NA,NA,"Drug","RxNorm","Clinical Drug","S","2475199","18722","47481",NA,30,8576,NA,NA,NA,NA,NA,NA,NA,"milligram","Oral Tablet",TRUE
"IPCI",36960341,"3 ML cabotegravir 200 MG/ML Injectable Suspension [Vocabria]",739588,"cabotegravir",93,16,"Drug","RxNorm Extension","Quant Branded Drug","S","OMOP5209546","19499","47481",NA,NA,NA,600,8576,"milligram",3,8587,"milliliter",NA,NA,"Injectable Suspension",FALSE
"IPCI",36932123,"3 ML cabotegravir 200 MG/ML Injectable Suspension",739588,"cabotegravir",NA,NA,"Drug","RxNorm Extension","Quant Clinical Drug","S","OMOP5209544","19499","47481",NA,NA,NA,600,8576,"milligram",3,8587,"milliliter",NA,NA,"Injectable Suspension",TRUE
"IPCI",739618,"cabotegravir 30 MG Oral Tablet [Vocabria]",739588,"cabotegravir",18,15,"Drug","RxNorm","Branded Drug","S","2475205","18722","47481",NA,30,8576,NA,NA,NA,NA,NA,NA,NA,"milligram","Oral Tablet",FALSE
"IPCI",1592274,"raltegravir 600 MG Oral Tablet",1712889,"raltegravir",138,12,"Drug","RxNorm","Clinical Drug","S","1924313","17385","47481",NA,600,8576,NA,NA,NA,NA,NA,NA,NA,"milligram","Oral Tablet",FALSE
"IPCI",1592276,"raltegravir 600 MG Oral Tablet [Isentress]",1712889,"raltegravir",110,17,"Drug","RxNorm","Branded Drug","S","1924315","17385","47481",NA,600,8576,NA,NA,NA,NA,NA,NA,NA,"milligram","Oral Tablet",FALSE
"IPCI",1712891,"raltegravir 400 MG Oral Tablet",1712889,"raltegravir",269,46,"Drug","RxNorm","Clinical Drug","S","744842","13877","47481",NA,400,8576,NA,NA,NA,NA,NA,NA,NA,"milligram","Oral Tablet",FALSE
"IPCI",1712912,"raltegravir 400 MG Oral Tablet [Isentress]",1712889,"raltegravir",1626,132,"Drug","RxNorm","Branded Drug","S","744846","13877","47481",NA,400,8576,NA,NA,NA,NA,NA,NA,NA,"milligram","Oral Tablet",FALSE
"IPCI",793028,"dolutegravir 50 MG / rilpivirine 25 MG Oral Tablet",43560385,"dolutegravir",NA,NA,"Drug","RxNorm","Clinical Drug","S","1989500","17567","47481",NA,50,8576,NA,NA,NA,NA,NA,NA,NA,"milligram","Oral Tablet",TRUE
"IPCI",793034,"dolutegravir 50 MG / rilpivirine 25 MG Oral Tablet [Juluca]",43560385,"dolutegravir",199,15,"Drug","RxNorm","Branded Drug","S","1989506","17567","47481",NA,50,8576,NA,NA,NA,NA,NA,NA,NA,"milligram","Oral Tablet",FALSE
"IPCI",1511085,"dolutegravir 50 MG / lamivudine 300 MG Oral Tablet",43560385,"dolutegravir",222,34,"Drug","RxNorm","Clinical Drug","S","2122519","18022","47481",NA,50,8576,NA,NA,NA,NA,NA,NA,NA,"milligram","Oral Tablet",FALSE
"IPCI",1511091,"dolutegravir 50 MG / lamivudine 300 MG Oral Tablet [Dovato]",43560385,"dolutegravir",2098,176,"Drug","RxNorm","Branded Drug","S","2122526","18022","47481",NA,50,8576,NA,NA,NA,NA,NA,NA,NA,"milligram","Oral Tablet",FALSE
"IPCI",36119491,"dolutegravir 5 MG Disintegrating Oral Tablet [Tivicay]",43560385,"dolutegravir",NA,NA,"Drug","RxNorm Extension","Branded Drug","S","OMOP5048349","18806","47481",NA,5,8576,NA,NA,NA,NA,NA,NA,NA,"milligram","Disintegrating Oral Tablet",TRUE
"IPCI",36249786,"dolutegravir 25 MG Oral Tablet",43560385,"dolutegravir",NA,NA,"Drug","RxNorm","Clinical Drug","S","1796081","17014","47481",NA,25,8576,NA,NA,NA,NA,NA,NA,NA,"milligram","Oral Tablet",TRUE
"IPCI",36249788,"dolutegravir 25 MG Oral Tablet [Tivicay]",43560385,"dolutegravir",NA,NA,"Drug","RxNorm","Branded Drug","S","1796083","17014","47481",NA,25,8576,NA,NA,NA,NA,NA,NA,NA,"milligram","Oral Tablet",TRUE
"IPCI",41056869,"abacavir 703 MG / dolutegravir 50 MG / Lamivudine 300 MG Oral Tablet",43560385,"dolutegravir",171,34,"Drug","RxNorm Extension","Clinical Drug","S","OMOP2254831","17402","47481",NA,50,8576,NA,NA,NA,NA,NA,NA,NA,"milligram","Oral Tablet",FALSE
"IPCI",43560385,"dolutegravir",43560385,"dolutegravir",5,5,"Drug","RxNorm","Ingredient","S","1433868","15951","47481",NA,NA,8576,NA,NA,NA,NA,NA,NA,NA,"milligram",NA,FALSE
"IPCI",43560387,"dolutegravir 50 MG Oral Tablet",43560385,"dolutegravir",697,99,"Drug","RxNorm","Clinical Drug","S","1433873","15951","47481",NA,50,8576,NA,NA,NA,NA,NA,NA,NA,"milligram","Oral Tablet",FALSE
"IPCI",43560388,"dolutegravir 50 MG Oral Tablet [Tivicay]",43560385,"dolutegravir",5673,489,"Drug","RxNorm","Branded Drug","S","1433879","15951","47481",NA,50,8576,NA,NA,NA,NA,NA,NA,NA,"milligram","Oral Tablet",FALSE
"IPCI",43560390,"dolutegravir Oral Tablet",43560385,"dolutegravir",NA,NA,"Drug","RxNorm","Clinical Drug Form","S","1433872","15951","47481",NA,NA,8576,NA,NA,NA,NA,NA,NA,NA,"milligram","Oral Tablet",TRUE
"IPCI",45775746,"abacavir / dolutegravir / lamivudine Oral Tablet",43560385,"dolutegravir",NA,NA,"Drug","RxNorm","Clinical Drug Form","S","1546886","16405","47481",NA,NA,8576,NA,NA,NA,NA,NA,NA,NA,"milligram","Oral Tablet",TRUE
"IPCI",45775747,"abacavir 600 MG / dolutegravir 50 MG / lamivudine 300 MG Oral Tablet",43560385,"dolutegravir",810,98,"Drug","RxNorm","Clinical Drug","S","1546888","16405","47481",NA,50,8576,NA,NA,NA,NA,NA,NA,NA,"milligram","Oral Tablet",FALSE
"IPCI",45775751,"abacavir 600 MG / dolutegravir 50 MG / lamivudine 300 MG Oral Tablet [Triumeq]",43560385,"dolutegravir",6524,398,"Drug","RxNorm","Branded Drug","S","1546894","16405","47481",NA,50,8576,NA,NA,NA,NA,NA,NA,NA,"milligram","Oral Tablet",FALSE
"IPCI",21119805,"cobicistat 150 MG / elvitegravir 150 MG / emtricitabine 200 MG / tenofovir disoproxil 250 MG Oral Tablet [Stribild]",42874212,"elvitegravir",1701,124,"Drug","RxNorm Extension","Branded Drug","S","OMOP335133","17402","47481",NA,150,8576,NA,NA,NA,NA,NA,NA,NA,"milligram","Oral Tablet",FALSE
"IPCI",35605556,"cobicistat 150 MG / elvitegravir 150 MG / emtricitabine 200 MG / tenofovir alafenamide 10 MG Oral Tablet [Genvoya]",42874212,"elvitegravir",4352,262,"Drug","RxNorm","Branded Drug","S","1721619","16923","47481",NA,150,8576,NA,NA,NA,NA,NA,NA,NA,"milligram","Oral Tablet",FALSE
"IPCI",42874225,"cobicistat 150 MG / elvitegravir 150 MG / emtricitabine 200 MG / tenofovir disoproxil fumarate 300 MG Oral Tablet [Stribild]",42874212,"elvitegravir",110,23,"Drug","RxNorm","Branded Drug","S","1306298","15587","47481",NA,150,8576,NA,NA,NA,NA,NA,NA,NA,"milligram","Oral Tablet",FALSE
"IPCI",19102768,"enfuvirtide 90 MG Injection [Fuzeon]",1717002,"enfuvirtide",70,9,"Drug","RxNorm","Branded Drug","S","404460","0","47481",NA,90,8576,NA,NA,NA,NA,NA,NA,NA,"milligram","Injection",FALSE
"IPCI",19102177,"enfuvirtide 90 MG Injection",1717002,"enfuvirtide",NA,NA,"Drug","RxNorm","Clinical Drug","S","401981","0","47481",NA,90,8576,NA,NA,NA,NA,NA,NA,NA,"milligram","Injection",TRUE
"IPCI",21075859,"maraviroc 150 MG Oral Tablet [Celsentri]",1787101,"maraviroc",306,16,"Drug","RxNorm Extension","Branded Drug","S","OMOP264204","17402","47481",NA,150,8576,NA,NA,NA,NA,NA,NA,NA,"milligram","Oral Tablet",FALSE
"IPCI",1787123,"maraviroc 150 MG Oral Tablet",1787101,"maraviroc",99,15,"Drug","RxNorm","Clinical Drug","S","728223","13786","47481",NA,150,8576,NA,NA,NA,NA,NA,NA,NA,"milligram","Oral Tablet",FALSE
"IPCI",1787125,"maraviroc 300 MG Oral Tablet",1787101,"maraviroc",64,6,"Drug","RxNorm","Clinical Drug","S","728225","13786","47481",NA,300,8576,NA,NA,NA,NA,NA,NA,NA,"milligram","Oral Tablet",FALSE
"IPCI",21085591,"maraviroc 300 MG Oral Tablet [Celsentri]",1787101,"maraviroc",14,7,"Drug","RxNorm Extension","Branded Drug","S","OMOP264197","17402","47481",NA,300,8576,NA,NA,NA,NA,NA,NA,NA,"milligram","Oral Tablet",FALSE
"IPCI",1235349,"cobicistat 150 MG / darunavir 867 MG Oral Tablet",42874220,"cobicistat",100,19,"Drug","RxNorm Extension","Clinical Drug","S","OMOP5216053","19593","47481",NA,150,8576,NA,NA,NA,NA,NA,NA,NA,"milligram","Oral Tablet",FALSE
"IPCI",1560078,"cobicistat / darunavir / emtricitabine / tenofovir alafenamide Oral Tablet",42874220,"cobicistat",NA,NA,"Drug","RxNorm","Clinical Drug Form","S","2049670","17749","47481",NA,NA,8576,NA,NA,NA,NA,NA,NA,NA,"milligram","Oral Tablet",TRUE
"IPCI",1560082,"cobicistat / darunavir / emtricitabine / tenofovir alafenamide Oral Tablet [Symtuza]",42874220,"cobicistat",60,16,"Drug","RxNorm","Branded Drug Form","S","2049674","17749","47481",NA,NA,8576,NA,NA,NA,NA,NA,NA,NA,"milligram","Oral Tablet",FALSE
"IPCI",1560085,"cobicistat 150 MG / darunavir 800 MG / emtricitabine 200 MG / tenofovir alafenamide 10 MG Oral Tablet [Symtuza]",42874220,"cobicistat",1616,127,"Drug","RxNorm","Branded Drug","S","2049677","17749","47481",NA,150,8576,NA,NA,NA,NA,NA,NA,NA,"milligram","Oral Tablet",FALSE
"IPCI",21110078,"cobicistat 150 MG / darunavir 800 MG Oral Tablet [Rezolsta]",42874220,"cobicistat",1498,91,"Drug","RxNorm Extension","Branded Drug","S","OMOP335348","17402","47481",NA,150,8576,NA,NA,NA,NA,NA,NA,NA,"milligram","Oral Tablet",FALSE
"IPCI",21119805,"cobicistat 150 MG / elvitegravir 150 MG / emtricitabine 200 MG / tenofovir disoproxil 250 MG Oral Tablet [Stribild]",42874220,"cobicistat",1701,124,"Drug","RxNorm Extension","Branded Drug","S","OMOP335133","17402","47481",NA,150,8576,NA,NA,NA,NA,NA,NA,NA,"milligram","Oral Tablet",FALSE
"IPCI",35605556,"cobicistat 150 MG / elvitegravir 150 MG / emtricitabine 200 MG / tenofovir alafenamide 10 MG Oral Tablet [Genvoya]",42874220,"cobicistat",4352,262,"Drug","RxNorm","Branded Drug","S","1721619","16923","47481",NA,150,8576,NA,NA,NA,NA,NA,NA,NA,"milligram","Oral Tablet",FALSE
"IPCI",42874225,"cobicistat 150 MG / elvitegravir 150 MG / emtricitabine 200 MG / tenofovir disoproxil fumarate 300 MG Oral Tablet [Stribild]",42874220,"cobicistat",110,23,"Drug","RxNorm","Branded Drug","S","1306298","15587","47481",NA,150,8576,NA,NA,NA,NA,NA,NA,NA,"milligram","Oral Tablet",FALSE
"IPCI",45774768,"cobicistat 150 MG Oral Tablet",42874220,"cobicistat",NA,NA,"Drug","RxNorm","Clinical Drug","S","1551993","16405","47481",NA,150,8576,NA,NA,NA,NA,NA,NA,NA,"milligram","Oral Tablet",TRUE
"IPCI",45774772,"cobicistat 150 MG Oral Tablet [Tybost]",42874220,"cobicistat",NA,NA,"Drug","RxNorm","Branded Drug","S","1551999","16405","47481",NA,150,8576,NA,NA,NA,NA,NA,NA,NA,"milligram","Oral Tablet",TRUE
"IPCI",45892974,"cobicistat 150 MG / darunavir 800 MG Oral Tablet",42874220,"cobicistat",136,15,"Drug","RxNorm","Clinical Drug","S","1600704","16496","47481",NA,150,8576,NA,NA,NA,NA,NA,NA,NA,"milligram","Oral Tablet",FALSE
